,County,WeekStartDate,ProbableCases,ConfirmedCases,7-Day Count,7-Day Average,Age 0-19,Age 20-34,Age 35-49,Age 50-64,Age 65-79,Age 80+,UnknownAge,14-Day Count,14-Day Case Rate
0,Adams,5/31/2021,0,7,7,1.0,3,1,2,0,1,0,0,21,102.69
1,Asotin,5/31/2021,0,2,2,0.29,0,0,0,1,1,0,0,11,48.59
2,Benton,5/31/2021,6,136,142,20.29,36,45,25,21,15,0,0,271,131.75
3,Chelan,5/31/2021,21,9,30,4.29,5,14,4,2,2,3,0,63,79.09
4,Clallam,5/31/2021,4,13,17,2.43,0,4,6,3,1,3,0,55,71.64
5,Clark,5/31/2021,44,351,395,56.43,102,105,69,62,34,21,2,679,136.02
6,Cowlitz,5/31/2021,19,84,103,14.71,35,20,27,14,7,0,0,189,171.04
7,Douglas,5/31/2021,22,3,25,3.57,11,6,4,2,2,0,0,49,112.0
8,Ferry,5/31/2021,5,5,10,1.43,2,2,6,0,0,0,0,14,176.99
9,Franklin,5/31/2021,4,51,55,7.86,19,11,17,8,0,0,0,119,122.98
10,Garfield,5/31/2021,1,0,1,0.14,0,1,0,0,0,0,0,2,89.89
11,Grant,5/31/2021,19,37,56,8.0,17,12,17,3,7,0,0,140,139.82
12,Grays Harbor,5/31/2021,20,54,74,10.57,23,15,9,16,9,2,0,116,155.25
13,Island,5/31/2021,6,12,18,2.57,3,6,3,3,3,0,0,42,49.11
14,Jefferson,5/31/2021,1,4,5,0.71,1,0,0,2,2,0,0,19,59.02
15,King,5/31/2021,57,633,690,98.57,206,204,155,88,28,9,0,1250,55.29
16,Kitsap,5/31/2021,17,78,95,13.57,20,26,24,18,4,3,0,174,63.92
17,Kittitas,5/31/2021,9,39,48,6.86,12,16,7,8,5,0,0,80,166.18
18,Klickitat,5/31/2021,1,14,15,2.14,7,4,2,2,0,0,0,35,153.71
19,Lewis,5/31/2021,35,67,102,14.57,35,23,22,14,6,2,0,184,229.28
20,Lincoln,5/31/2021,2,34,36,5.14,18,3,4,5,4,2,0,57,515.84
21,Mason,5/31/2021,4,21,25,3.57,3,8,6,6,2,0,0,51,77.68
22,Okanogan,5/31/2021,14,22,36,5.14,13,6,5,9,1,2,0,73,169.26
23,Pacific,5/31/2021,2,10,12,1.71,1,4,2,3,0,2,0,18,82.42
24,Pend Oreille,5/31/2021,1,6,7,1.0,1,1,2,2,1,0,0,17,122.74
25,Pierce,5/31/2021,87,423,510,72.86,128,139,125,77,34,7,0,909,100.92
26,Skagit,5/31/2021,14,34,48,6.86,18,11,8,6,5,0,0,101,77.42
27,Skamania,5/31/2021,2,5,7,1.0,0,2,2,1,2,0,0,16,130.93
28,Snohomish,5/31/2021,38,304,342,48.86,89,100,88,50,12,3,0,595,71.64
29,Spokane,5/31/2021,50,395,445,63.57,94,131,113,66,35,6,0,822,157.29
30,Stevens,5/31/2021,5,21,26,3.71,11,5,8,2,0,0,0,51,111.06
31,Thurston,5/31/2021,28,102,130,18.57,33,38,31,16,8,4,0,280,96.22
32,Wahkiakum,5/31/2021,0,8,8,1.14,1,0,4,2,0,1,0,18,427.55
33,Walla Walla,5/31/2021,4,49,53,7.57,23,13,12,3,2,0,0,122,194.95
34,Whatcom,5/31/2021,17,151,168,24.0,51,34,30,31,16,6,0,262,114.91
35,Whitman,5/31/2021,0,22,22,3.14,9,5,1,5,2,0,0,43,85.18
36,Yakima,5/31/2021,13,79,92,13.14,21,29,25,12,4,1,0,207,80.17
38,Adams,5/24/2021,2,15,17,2.43,6,3,3,1,2,2,0,24,117.36
39,Asotin,5/24/2021,3,6,9,1.29,0,5,0,0,2,2,0,11,48.59
40,Benton,5/24/2021,12,105,117,16.71,44,25,28,11,9,0,0,259,125.91
41,Chelan,5/24/2021,27,10,37,5.29,12,16,2,5,2,0,0,67,84.11
42,Clallam,5/24/2021,2,10,12,1.71,1,3,4,2,1,1,0,29,37.78
43,Clark,5/24/2021,104,351,455,65.0,95,150,103,67,28,12,0,850,170.27
44,Cowlitz,5/24/2021,27,92,119,17.0,21,39,36,15,6,2,0,222,200.9
45,Douglas,5/24/2021,15,2,17,2.43,5,3,2,4,3,0,0,42,96.0
46,Ferry,5/24/2021,4,3,7,1.0,2,3,0,0,2,0,0,17,214.92
47,Franklin,5/24/2021,3,64,67,9.57,17,23,13,6,8,0,0,122,126.09
48,Garfield,5/24/2021,1,0,1,0.14,0,0,1,0,0,0,0,2,89.89
49,Grant,5/24/2021,29,48,77,11.0,14,26,23,4,9,1,0,133,132.83
50,Grays Harbor,5/24/2021,20,101,121,17.29,30,22,30,26,10,3,0,195,260.97
51,Island,5/24/2021,4,12,16,2.29,2,5,5,3,1,0,0,34,39.75
52,King,5/24/2021,66,783,849,121.29,250,236,209,104,33,15,2,1539,68.07
53,Kitsap,5/24/2021,22,94,116,16.57,32,31,29,11,9,4,0,211,77.52
54,Kittitas,5/24/2021,16,30,46,6.57,12,12,11,8,3,0,0,94,195.26
55,Klickitat,5/24/2021,2,30,32,4.57,11,1,9,5,4,2,0,47,206.41
56,Lewis,5/24/2021,41,83,124,17.71,28,33,30,18,11,4,0,226,281.62
57,Lincoln,5/24/2021,4,33,37,5.29,7,10,7,7,6,0,0,73,660.63
58,Mason,5/24/2021,1,30,31,4.43,5,10,6,7,3,0,0,56,85.3
59,Okanogan,5/24/2021,22,21,43,6.14,10,10,7,11,4,1,0,79,183.17
60,Pacific,5/24/2021,2,11,13,1.86,7,0,1,3,2,0,0,25,114.47
61,Pend Oreille,5/24/2021,2,14,16,2.29,3,1,7,4,1,0,0,23,166.06
62,Pierce,5/24/2021,97,572,669,95.57,189,194,165,92,26,3,0,1179,130.9
63,San Juan,5/24/2021,0,1,1,0.14,0,0,1,0,0,0,0,1,5.77
64,Skagit,5/24/2021,24,57,81,11.57,19,26,18,14,4,0,0,129,98.89
65,Skamania,5/24/2021,0,7,7,1.0,1,1,3,2,0,0,0,14,114.57
66,Snohomish,5/24/2021,34,341,375,53.57,83,141,88,50,7,5,1,717,86.33
67,Spokane,5/24/2021,53,538,591,84.43,165,166,114,102,29,15,0,1036,198.24
68,Stevens,5/24/2021,3,25,28,4.0,7,4,4,10,2,1,0,54,117.6
69,Thurston,5/24/2021,48,167,215,30.71,58,75,46,24,10,2,0,345,118.56
70,Wahkiakum,5/24/2021,0,7,7,1.0,0,1,4,2,0,0,0,15,356.29
71,Walla Walla,5/24/2021,14,31,45,6.43,14,12,7,9,3,0,0,98,156.6
72,Whatcom,5/24/2021,19,182,201,28.71,54,61,40,28,13,5,0,369,161.84
73,Whitman,5/24/2021,0,9,9,1.29,3,4,2,0,0,0,0,31,61.41
74,Yakima,5/24/2021,33,139,172,24.57,36,66,39,24,5,0,2,264,102.25
76,Adams,5/17/2021,7,12,19,2.71,5,4,3,5,1,1,0,36,176.04
77,Asotin,5/17/2021,1,11,12,1.71,1,4,2,3,1,1,0,21,92.76
78,Benton,5/17/2021,9,115,124,17.71,35,31,32,16,6,4,0,241,117.16
79,Chelan,5/17/2021,38,11,49,7.0,16,8,7,9,7,2,0,86,107.96
80,Clallam,5/17/2021,3,21,24,3.43,4,5,4,1,8,2,0,36,46.89
81,Clark,5/17/2021,85,388,473,67.57,100,150,123,82,15,3,0,928,185.9
82,Columbia,5/17/2021,1,5,6,0.86,0,0,1,1,2,2,0,6,143.37
83,Cowlitz,5/17/2021,35,120,155,22.14,29,55,28,34,9,0,0,274,247.96
84,Douglas,5/17/2021,5,5,10,1.43,2,3,4,1,0,0,0,27,61.71
85,Ferry,5/17/2021,5,2,7,1.0,2,1,4,0,0,0,0,14,176.99
86,Franklin,5/17/2021,8,73,81,11.57,27,15,24,11,4,0,0,148,152.96
87,Grant,5/17/2021,42,64,106,15.14,30,19,31,16,10,0,0,183,182.76
88,Grays Harbor,5/17/2021,27,132,159,22.71,51,38,21,33,12,2,2,280,374.73
89,Island,5/17/2021,9,13,22,3.14,0,7,8,6,1,0,0,38,44.43
90,Jefferson,5/17/2021,0,3,3,0.43,0,0,1,2,0,0,0,3,9.32
91,King,5/17/2021,100,1054,1154,164.86,337,316,265,172,54,9,1,2003,88.6
92,Kitsap,5/17/2021,19,119,138,19.71,38,35,28,28,8,1,0,254,93.31
93,Kittitas,5/17/2021,12,39,51,7.29,4,25,11,9,2,0,0,97,201.5
94,Klickitat,5/17/2021,4,29,33,4.71,23,2,6,1,1,0,0,65,285.46
95,Lewis,5/17/2021,65,112,177,25.29,54,48,32,27,13,3,0,301,375.08
96,Lincoln,5/17/2021,11,32,43,6.14,18,5,9,8,1,2,0,80,723.98
97,Mason,5/17/2021,0,36,36,5.14,14,5,10,5,2,0,0,67,102.06
98,Okanogan,5/17/2021,20,16,36,5.14,9,10,7,7,3,0,0,79,183.17
99,Pacific,5/17/2021,2,11,13,1.86,5,1,4,1,2,0,0,26,119.05
100,Pend Oreille,5/17/2021,6,12,18,2.57,8,2,5,1,1,0,1,34,245.49
101,Pierce,5/17/2021,105,723,828,118.29,200,228,201,141,47,11,0,1497,166.2
102,San Juan,5/17/2021,0,6,6,0.86,1,4,1,0,0,0,0,7,40.37
103,Skagit,5/17/2021,27,59,86,12.29,19,30,15,13,7,2,0,167,128.02
104,Skamania,5/17/2021,0,2,2,0.29,1,0,0,1,0,0,0,9,73.65
105,Snohomish,5/17/2021,74,407,481,68.71,123,139,116,84,16,3,0,856,103.07
106,Spokane,5/17/2021,60,661,721,103.0,207,196,165,93,35,25,0,1312,251.05
107,Stevens,5/17/2021,5,42,47,6.71,8,9,11,11,5,3,0,75,163.33
108,Thurston,5/17/2021,57,182,239,34.14,57,63,62,34,19,4,0,454,156.01
109,Wahkiakum,5/17/2021,2,11,13,1.86,4,5,1,2,0,1,0,20,475.06
110,Walla Walla,5/17/2021,3,30,33,4.71,12,10,9,2,0,0,0,78,124.64
111,Whatcom,5/17/2021,18,210,228,32.57,81,55,47,32,10,3,0,429,188.16
112,Whitman,5/17/2021,0,17,17,2.43,3,5,3,2,2,2,0,26,51.51
113,Yakima,5/17/2021,47,98,145,20.71,28,47,35,21,9,5,0,317,122.77
115,Adams,5/10/2021,7,20,27,3.86,12,5,7,1,2,0,0,46,224.94
116,Asotin,5/10/2021,3,18,21,3.0,9,4,3,3,1,1,0,33,145.76
117,Benton,5/10/2021,6,130,136,19.43,45,38,29,17,6,1,0,260,126.4
118,Chelan,5/10/2021,22,16,38,5.43,7,12,13,2,4,0,0,87,109.21
119,Clallam,5/10/2021,9,15,24,3.43,6,5,4,7,1,1,0,48,62.52
120,Clark,5/10/2021,100,526,626,89.43,155,196,142,98,27,7,1,1099,220.15
121,Cowlitz,5/10/2021,26,79,105,15.0,29,23,28,13,10,2,0,260,235.29
122,Douglas,5/10/2021,9,5,14,2.0,4,3,2,3,0,2,0,24,54.86
123,Ferry,5/10/2021,12,11,23,3.29,7,2,7,4,3,0,0,30,379.27
124,Franklin,5/10/2021,11,71,82,11.71,32,19,20,9,2,0,0,163,168.46
125,Garfield,5/10/2021,1,0,1,0.14,0,0,1,0,0,0,0,1,44.94
126,Grant,5/10/2021,56,57,113,16.14,27,29,38,6,12,1,0,219,218.72
127,Grays Harbor,5/10/2021,20,150,170,24.29,35,33,43,30,24,5,0,329,440.31
128,Island,5/10/2021,5,16,21,3.0,1,13,3,4,0,0,0,43,50.27
129,Jefferson,5/10/2021,0,6,6,0.86,2,1,0,2,1,0,0,9,27.96
130,King,5/10/2021,153,1473,1626,232.29,432,514,378,223,63,16,0,2780,122.97
131,Kitsap,5/10/2021,25,151,176,25.14,33,60,34,39,9,1,0,314,115.36
132,Kittitas,5/10/2021,11,70,81,11.57,16,38,14,11,1,1,0,132,274.2
133,Klickitat,5/10/2021,0,9,9,1.29,2,0,5,2,0,0,0,42,184.45
134,Lewis,5/10/2021,61,107,168,24.0,29,47,42,27,20,3,0,345,429.91
135,Lincoln,5/10/2021,2,24,26,3.71,5,3,2,10,5,1,0,69,624.43
136,Mason,5/10/2021,6,44,50,7.14,15,17,9,5,2,2,0,86,131.0
137,Okanogan,5/10/2021,35,12,47,6.71,9,9,12,10,6,1,0,83,192.44
138,Pacific,5/10/2021,6,22,28,4.0,10,9,5,1,3,0,0,41,187.73
139,Pend Oreille,5/10/2021,1,12,13,1.86,2,5,3,3,0,0,0,31,223.83
140,Pierce,5/10/2021,177,930,1107,158.14,293,346,230,166,60,12,0,1935,214.83
141,San Juan,5/10/2021,0,4,4,0.57,3,0,1,0,0,0,0,10,57.67
142,Skagit,5/10/2021,38,92,130,18.57,50,34,29,15,1,1,0,216,165.58
143,Skamania,5/10/2021,0,4,4,0.57,0,2,2,0,0,0,0,6,49.1
144,Snohomish,5/10/2021,74,586,660,94.29,198,187,161,75,28,9,2,1141,137.39
145,Spokane,5/10/2021,96,708,804,114.86,215,261,169,102,42,15,0,1525,291.81
146,Stevens,5/10/2021,4,71,75,10.71,17,17,17,14,7,3,0,122,265.68
147,Thurston,5/10/2021,67,232,299,42.71,82,88,74,36,14,5,0,538,184.88
148,Wahkiakum,5/10/2021,3,4,7,1.0,3,3,1,0,0,0,0,20,475.06
149,Walla Walla,5/10/2021,4,32,36,5.14,8,11,6,6,2,3,0,69,110.26
150,Whatcom,5/10/2021,11,205,216,30.86,64,54,48,32,15,3,0,444,194.74
151,Whitman,5/10/2021,0,20,20,2.86,5,7,4,3,1,0,0,37,73.3
152,Yakima,5/10/2021,35,103,138,19.71,31,47,36,18,5,1,0,283,109.6
154,Adams,5/3/2021,1,23,24,3.43,9,7,4,2,2,0,0,51,249.39
155,Asotin,5/3/2021,4,20,24,3.43,6,7,3,4,3,1,0,45,198.76
156,Benton,5/3/2021,14,155,169,24.14,53,52,40,17,5,2,0,305,148.27
157,Chelan,5/3/2021,26,10,36,5.14,9,11,12,4,0,0,0,74,92.89
158,Clallam,5/3/2021,8,30,38,5.43,17,7,7,5,2,0,0,62,80.76
159,Clark,5/3/2021,97,521,618,88.29,150,189,157,101,16,5,0,1244,249.2
160,Cowlitz,5/3/2021,22,95,117,16.71,40,35,27,13,0,2,0,222,200.9
161,Douglas,5/3/2021,22,7,29,4.14,6,5,8,6,4,0,0,43,98.29
162,Ferry,5/3/2021,3,11,14,2.0,1,3,4,3,3,0,0,37,467.76
163,Franklin,5/3/2021,9,88,97,13.86,40,26,17,13,1,0,0,179,184.99
164,Garfield,5/3/2021,1,0,1,0.14,0,0,1,0,0,0,0,2,89.89
165,Grant,5/3/2021,57,92,149,21.29,39,44,25,29,8,4,0,262,261.66
166,Grays Harbor,5/3/2021,14,101,115,16.43,20,38,20,25,7,4,1,285,381.42
167,Island,5/3/2021,26,23,49,7.0,12,15,9,8,3,2,0,70,81.84
168,Jefferson,5/3/2021,0,10,10,1.43,3,2,1,2,2,0,0,16,49.7
169,King,5/3/2021,195,2112,2307,329.57,623,735,555,318,49,27,0,3933,173.96
170,Kitsap,5/3/2021,57,225,282,40.29,83,79,65,39,14,2,0,458,168.26
171,Kittitas,5/3/2021,21,102,123,17.57,31,63,13,11,3,2,0,204,423.76
172,Klickitat,5/3/2021,3,8,11,1.57,3,1,4,1,1,1,0,20,87.83
173,Lewis,5/3/2021,61,86,147,21.0,27,28,47,26,16,3,0,315,392.52
174,Lincoln,5/3/2021,0,24,24,3.43,5,4,2,5,7,1,0,50,452.49
175,Mason,5/3/2021,3,41,44,6.29,6,14,10,7,6,1,0,94,143.18
176,Okanogan,5/3/2021,34,24,58,8.29,10,16,10,12,6,4,0,105,243.45
177,Pacific,5/3/2021,2,18,20,2.86,1,4,9,2,3,1,0,48,219.78
178,Pend Oreille,5/3/2021,1,7,8,1.14,0,2,1,2,3,0,0,21,151.62
179,Pierce,5/3/2021,249,1217,1466,209.43,334,472,356,217,68,18,1,2573,285.67
180,San Juan,5/3/2021,0,4,4,0.57,0,2,1,1,0,0,0,8,46.14
181,Skagit,5/3/2021,36,84,120,17.14,30,42,30,16,2,0,0,250,191.64
182,Skamania,5/3/2021,1,22,23,3.29,7,8,4,3,1,0,0,27,220.95
183,Snohomish,5/3/2021,105,743,848,121.14,212,268,213,132,18,5,0,1508,181.58
184,Spokane,5/3/2021,85,703,788,112.57,206,236,191,108,42,4,1,1592,304.63
185,Stevens,5/3/2021,12,37,49,7.0,7,12,9,13,8,0,0,124,270.03
186,Thurston,5/3/2021,78,259,337,48.14,81,100,91,48,12,5,0,636,218.56
187,Wahkiakum,5/3/2021,0,1,1,0.14,0,1,0,0,0,0,0,8,190.02
188,Walla Walla,5/3/2021,3,23,26,3.71,6,5,7,6,2,0,0,62,99.07
189,Whatcom,5/3/2021,20,281,301,43.0,86,79,73,42,14,7,0,517,226.75
190,Whitman,5/3/2021,1,37,38,5.43,9,14,3,10,2,0,0,58,114.9
191,Yakima,5/3/2021,44,123,167,23.86,35,48,37,30,13,4,0,305,118.13
193,Adams,4/26/2021,5,22,27,3.86,8,4,9,4,2,0,0,51,249.39
194,Asotin,4/26/2021,2,26,28,4.0,8,8,7,2,3,0,0,52,229.68
195,Benton,4/26/2021,19,204,223,31.86,66,70,48,23,11,5,0,392,190.57
196,Chelan,4/26/2021,32,12,44,6.29,14,12,11,3,3,1,0,80,100.43
197,Clallam,4/26/2021,5,46,51,7.29,23,14,8,5,1,0,0,89,115.93
198,Clark,4/26/2021,86,617,703,100.43,155,216,196,109,22,5,0,1321,264.62
199,Cowlitz,4/26/2021,24,123,147,21.0,40,38,38,20,11,0,0,264,238.91
200,Douglas,4/26/2021,17,11,28,4.0,8,9,4,3,4,0,0,57,130.29
201,Ferry,4/26/2021,8,16,24,3.43,6,5,2,6,4,1,0,38,480.4
202,Franklin,4/26/2021,9,131,140,20.0,31,46,30,24,7,2,0,237,244.94
203,Garfield,4/26/2021,1,0,1,0.14,1,0,0,0,0,0,0,2,89.89
204,Grant,4/26/2021,65,76,141,20.14,25,42,23,35,13,3,0,290,289.62
205,Grays Harbor,4/26/2021,17,73,90,12.86,18,29,22,10,10,1,0,205,274.36
206,Island,4/26/2021,18,36,54,7.71,8,20,14,8,4,0,0,103,120.43
207,Jefferson,4/26/2021,1,10,11,1.57,0,4,2,3,1,1,0,21,65.24
208,King,4/26/2021,226,2666,2892,413.14,714,940,720,416,79,23,0,5199,229.96
209,Kitsap,4/26/2021,41,223,264,37.71,59,97,54,39,12,3,0,546,200.59
210,Kittitas,4/26/2021,21,102,123,17.57,24,54,26,14,5,0,0,246,511.01
211,Klickitat,4/26/2021,2,8,10,1.43,1,5,1,1,2,0,0,21,92.23
212,Lewis,4/26/2021,50,84,134,19.14,32,34,33,21,12,2,0,281,350.16
213,Lincoln,4/26/2021,4,21,25,3.57,9,1,8,5,1,1,0,49,443.44
214,Mason,4/26/2021,5,44,49,7.0,8,18,12,6,3,2,0,93,141.66
215,Okanogan,4/26/2021,30,16,46,6.57,5,15,8,12,4,2,0,104,241.13
216,Pacific,4/26/2021,2,11,13,1.86,4,3,0,5,1,0,0,33,151.1
217,Pend Oreille,4/26/2021,0,14,14,2.0,5,4,2,2,1,0,0,22,158.84
218,Pierce,4/26/2021,301,1433,1734,247.71,396,611,412,248,56,11,0,3200,355.28
219,San Juan,4/26/2021,0,1,1,0.14,0,0,1,0,0,0,0,5,28.84
220,Skagit,4/26/2021,49,129,178,25.43,51,45,42,26,8,6,0,298,228.44
221,Skamania,4/26/2021,0,26,26,3.71,7,5,3,7,3,1,0,49,400.98
222,Snohomish,4/26/2021,127,937,1064,152.0,271,317,270,159,40,7,0,1912,230.22
223,Spokane,4/26/2021,105,657,762,108.86,226,221,164,111,33,5,2,1550,296.59
224,Stevens,4/26/2021,6,54,60,8.57,10,14,13,15,8,0,0,109,237.37
225,Thurston,4/26/2021,72,272,344,49.14,83,130,70,41,18,1,1,681,234.02
226,Wahkiakum,4/26/2021,0,1,1,0.14,0,0,0,0,0,1,0,2,47.51
227,Walla Walla,4/26/2021,4,48,52,7.43,17,15,8,8,3,1,0,78,124.64
228,Whatcom,4/26/2021,8,235,243,34.71,58,67,56,45,9,8,0,544,238.6
229,Whitman,4/26/2021,1,56,57,8.14,13,25,8,7,4,0,0,95,188.19
230,Yakima,4/26/2021,56,173,229,32.71,56,71,53,31,16,2,0,396,153.37
232,Adams,4/19/2021,0,17,17,2.43,9,1,5,1,1,0,0,44,215.16
233,Asotin,4/19/2021,0,12,12,1.71,0,1,3,5,3,0,0,40,176.68
234,Benton,4/19/2021,17,198,215,30.71,58,63,52,31,10,1,0,438,212.93
235,Chelan,4/19/2021,56,22,78,11.14,28,16,14,14,6,0,0,122,153.15
236,Clallam,4/19/2021,6,24,30,4.29,6,11,8,3,2,0,0,81,105.51
237,Clark,4/19/2021,72,580,652,93.14,142,218,154,100,37,1,0,1355,271.43
238,Cowlitz,4/19/2021,28,139,167,23.86,36,42,42,27,13,7,0,314,284.16
239,Douglas,4/19/2021,30,15,45,6.43,12,12,12,7,2,0,0,73,166.86
240,Ferry,4/19/2021,21,21,42,6.0,5,12,10,13,2,0,0,66,834.39
241,Franklin,4/19/2021,13,166,179,25.57,63,43,46,23,1,2,1,319,329.68
242,Grant,4/19/2021,64,88,152,21.71,32,32,40,29,16,3,0,293,292.62
243,Grays Harbor,4/19/2021,8,57,65,9.29,10,21,15,9,8,2,0,155,207.44
244,Island,4/19/2021,24,38,62,8.86,12,22,12,11,5,0,0,116,135.62
245,Jefferson,4/19/2021,0,9,9,1.29,0,3,1,4,1,0,0,20,62.13
246,King,4/19/2021,325,2699,3024,432.0,674,1026,795,415,86,26,2,5916,261.68
247,Kitsap,4/19/2021,59,270,329,47.0,54,99,76,78,18,4,0,593,217.85
248,Kittitas,4/19/2021,15,67,82,11.71,16,21,22,20,3,0,0,205,425.84
249,Klickitat,4/19/2021,1,11,12,1.71,4,4,2,0,2,0,0,22,96.62
250,Lewis,4/19/2021,27,58,85,12.14,13,25,19,21,6,1,0,219,272.9
251,Lincoln,4/19/2021,2,29,31,4.43,15,3,2,5,5,1,0,56,506.79
252,Mason,4/19/2021,8,52,60,8.57,8,16,25,9,1,1,0,109,166.03
253,Okanogan,4/19/2021,24,9,33,4.71,6,9,7,6,5,0,0,79,183.17
254,Pacific,4/19/2021,3,17,20,2.86,3,5,4,6,2,0,0,33,151.1
255,Pend Oreille,4/19/2021,0,14,14,2.0,6,3,1,3,1,0,0,28,202.17
256,Pierce,4/19/2021,311,1654,1965,280.71,483,621,495,278,73,15,0,3699,410.68
257,San Juan,4/19/2021,0,8,8,1.14,2,1,3,1,1,0,0,9,51.9
258,Skagit,4/19/2021,45,139,184,26.29,39,51,41,35,13,5,0,362,277.5
259,Skamania,4/19/2021,1,10,11,1.57,3,1,4,2,0,0,1,37,302.78
260,Snohomish,4/19/2021,158,933,1091,155.86,264,340,281,158,38,10,0,2155,259.48
261,Spokane,4/19/2021,85,697,782,111.71,193,219,178,133,46,12,1,1544,295.45
262,Stevens,4/19/2021,7,75,82,11.71,10,19,17,18,11,7,0,142,309.23
263,Thurston,4/19/2021,60,292,352,50.29,70,123,85,43,18,11,2,696,239.18
264,Walla Walla,4/19/2021,13,49,62,8.86,14,19,15,11,3,0,0,114,182.17
265,Whatcom,4/19/2021,16,223,239,34.14,40,74,54,43,22,6,0,482,211.4
266,Whitman,4/19/2021,1,59,60,8.57,25,18,8,7,1,1,0,117,231.77
267,Yakima,4/19/2021,64,220,284,40.57,71,79,71,40,18,5,0,513,198.68
269,Adams,4/12/2021,7,15,22,3.14,5,5,8,3,1,0,0,39,190.71
270,Asotin,4/12/2021,0,9,9,1.29,2,2,1,2,2,0,0,21,92.76
271,Benton,4/12/2021,34,231,265,37.86,82,63,73,36,5,5,1,480,233.35
272,Chelan,4/12/2021,55,17,72,10.29,19,21,11,14,6,1,0,150,188.3
273,Clallam,4/12/2021,11,29,40,5.71,15,3,13,5,2,2,0,70,91.18
274,Clark,4/12/2021,101,465,566,80.86,127,168,143,95,25,8,0,1218,243.99
275,Columbia,4/12/2021,1,0,1,0.14,0,0,1,0,0,0,0,1,23.89
276,Cowlitz,4/12/2021,28,180,208,29.71,37,50,45,49,19,8,0,375,339.37
277,Douglas,4/12/2021,18,13,31,4.43,8,11,5,3,1,3,0,76,173.71
278,Ferry,4/12/2021,27,11,38,5.43,5,5,15,10,2,1,0,80,1011.38
279,Franklin,4/12/2021,10,144,154,22.0,52,48,31,16,6,1,0,333,344.15
280,Grant,4/12/2021,68,70,138,19.71,29,48,29,22,9,1,0,290,289.62
281,Grays Harbor,4/12/2021,12,59,71,10.14,12,23,19,4,5,8,0,136,182.01
282,Island,4/12/2021,13,21,34,4.86,6,16,5,5,2,0,0,96,112.24
283,Jefferson,4/12/2021,0,14,14,2.0,3,0,4,7,0,0,0,23,71.45
284,King,4/12/2021,312,2604,2916,416.57,625,1043,725,427,71,25,0,5940,262.74
285,Kitsap,4/12/2021,55,273,328,46.86,66,120,67,47,19,9,0,657,241.37
286,Kittitas,4/12/2021,19,65,84,12.0,24,29,11,20,0,0,0,166,344.83
287,Klickitat,4/12/2021,1,14,15,2.14,2,2,6,4,1,0,0,27,118.58
288,Lewis,4/12/2021,28,59,87,12.43,21,24,19,18,5,0,0,172,214.33
289,Lincoln,4/12/2021,0,17,17,2.43,7,1,5,1,2,1,0,48,434.39
290,Mason,4/12/2021,4,48,52,7.43,7,18,16,7,2,1,1,112,170.6
291,Okanogan,4/12/2021,21,12,33,4.71,7,10,5,8,2,1,0,66,153.03
292,Pacific,4/12/2021,5,45,50,7.14,16,15,15,3,1,0,0,70,320.51
293,Pend Oreille,4/12/2021,1,13,14,2.0,8,2,2,2,0,0,0,28,202.17
294,Pierce,4/12/2021,308,1469,1777,253.86,384,611,444,275,49,12,2,3742,415.45
295,San Juan,4/12/2021,2,8,10,1.43,6,0,2,2,0,0,0,18,103.81
296,Skagit,4/12/2021,35,130,165,23.57,46,42,46,25,4,2,0,349,267.54
297,Skamania,4/12/2021,0,10,10,1.43,1,1,4,2,2,0,0,21,171.85
298,Snohomish,4/12/2021,164,907,1071,153.0,292,297,286,159,33,4,0,2162,260.33
299,Spokane,4/12/2021,119,753,872,124.57,214,295,172,128,51,12,0,1654,316.49
300,Stevens,4/12/2021,4,61,65,9.29,14,12,17,12,9,1,0,147,320.12
301,Thurston,4/12/2021,68,231,299,42.71,62,92,76,51,12,6,0,651,223.71
302,Wahkiakum,4/12/2021,0,3,3,0.43,1,1,0,1,0,0,0,3,71.26
303,Walla Walla,4/12/2021,10,20,30,4.29,9,5,9,3,2,2,0,92,147.01
304,Whatcom,4/12/2021,14,187,201,28.71,53,66,36,36,7,3,0,440,192.98
305,Whitman,4/12/2021,0,75,75,10.71,26,20,15,9,5,0,0,135,267.43
306,Yakima,4/12/2021,100,251,351,50.14,87,110,89,45,18,2,0,635,245.93
308,Adams,4/5/2021,1,15,16,2.29,6,6,4,0,0,0,0,38,185.82
309,Asotin,4/5/2021,1,8,9,1.29,2,1,5,0,1,0,0,18,79.51
310,Benton,4/5/2021,25,171,196,28.0,47,70,50,21,4,3,1,461,224.11
311,Chelan,4/5/2021,52,16,68,9.71,12,19,17,16,3,1,0,140,175.75
312,Clallam,4/5/2021,10,37,47,6.71,15,15,7,8,2,0,0,87,113.33
313,Clark,4/5/2021,59,380,439,62.71,75,156,107,69,21,11,0,1005,201.32
314,Cowlitz,4/5/2021,32,149,181,25.86,45,47,35,33,19,2,0,389,352.04
315,Douglas,4/5/2021,24,7,31,4.43,10,13,4,3,1,0,0,62,141.71
316,Ferry,4/5/2021,0,1,1,0.14,0,0,0,1,0,0,0,39,493.05
317,Franklin,4/5/2021,6,123,129,18.43,34,44,31,15,3,1,1,283,292.48
318,Grant,4/5/2021,46,36,82,11.71,20,25,19,12,5,1,0,220,219.71
319,Grays Harbor,4/5/2021,4,44,48,6.86,7,18,12,4,3,4,0,119,159.26
320,Island,4/5/2021,9,26,35,5.0,5,11,6,7,4,2,0,69,80.67
321,Jefferson,4/5/2021,0,10,10,1.43,2,4,4,0,0,0,0,24,74.56
322,King,4/5/2021,300,2109,2409,344.14,514,893,573,341,63,25,0,5325,235.54
323,Kitsap,4/5/2021,46,182,228,32.57,49,88,33,44,13,1,0,556,204.26
324,Kittitas,4/5/2021,12,56,68,9.71,10,35,11,9,3,0,0,152,315.75
325,Klickitat,4/5/2021,1,5,6,0.86,0,1,1,2,1,0,1,21,92.23
326,Lewis,4/5/2021,44,60,104,14.86,26,29,18,15,11,5,0,191,238.01
327,Lincoln,4/5/2021,0,7,7,1.0,3,0,1,2,1,0,0,24,217.19
328,Mason,4/5/2021,2,36,38,5.43,2,10,7,9,8,2,0,90,137.09
329,Okanogan,4/5/2021,24,14,38,5.43,5,6,12,10,4,1,0,71,164.62
330,Pacific,4/5/2021,1,27,28,4.0,7,13,5,3,0,0,0,78,357.14
331,Pend Oreille,4/5/2021,1,3,4,0.57,0,1,1,1,1,0,0,18,129.96
332,Pierce,4/5/2021,341,1155,1496,213.71,345,474,396,204,63,13,1,3273,363.38
333,San Juan,4/5/2021,0,16,16,2.29,8,3,1,3,1,0,0,26,149.94
334,Skagit,4/5/2021,41,89,130,18.57,24,40,35,26,5,0,0,295,226.14
335,Skamania,4/5/2021,0,8,8,1.14,0,3,1,4,0,0,0,18,147.3
336,Snohomish,4/5/2021,158,677,835,119.29,160,285,196,143,41,8,2,1906,229.5
337,Spokane,4/5/2021,135,546,681,97.29,157,261,118,102,35,8,0,1553,297.17
338,Stevens,4/5/2021,3,61,64,9.14,8,20,12,15,6,3,0,129,280.92
339,Thurston,4/5/2021,48,197,245,35.0,43,85,56,40,18,3,0,544,186.94
340,Wahkiakum,4/5/2021,0,2,2,0.29,0,2,0,0,0,0,0,5,118.76
341,Walla Walla,4/5/2021,7,25,32,4.57,10,8,4,7,2,1,0,62,99.07
342,Whatcom,4/5/2021,25,147,172,24.57,36,76,30,25,3,2,0,373,163.6
343,Whitman,4/5/2021,9,56,65,9.29,13,31,9,7,5,0,0,140,277.34
344,Yakima,4/5/2021,80,280,360,51.43,84,105,96,47,24,4,0,711,275.37
346,Adams,3/29/2021,1,10,11,1.57,6,2,3,0,0,0,0,27,132.03
347,Asotin,3/29/2021,0,14,14,2.0,4,4,2,4,0,0,0,23,101.59
348,Benton,3/29/2021,24,153,177,25.29,36,58,38,37,8,0,0,373,181.33
349,Chelan,3/29/2021,65,12,77,11.0,15,18,20,17,6,1,0,145,182.02
350,Clallam,3/29/2021,8,25,33,4.71,11,6,10,4,2,0,0,80,104.21
351,Clark,3/29/2021,66,300,366,52.29,63,104,94,74,24,7,0,805,161.26
352,Cowlitz,3/29/2021,41,191,232,33.14,53,55,66,40,15,3,0,413,373.76
353,Douglas,3/29/2021,49,11,60,8.57,9,21,15,13,2,0,0,91,208.0
354,Ferry,3/29/2021,1,1,2,0.29,2,0,0,0,0,0,0,3,37.93
355,Franklin,3/29/2021,7,87,94,13.43,24,30,25,11,4,0,0,223,230.47
356,Grant,3/29/2021,40,35,75,10.71,15,26,17,13,3,1,0,157,156.8
357,Grays Harbor,3/29/2021,4,21,25,3.57,6,4,7,5,2,1,0,73,97.7
358,Island,3/29/2021,5,14,19,2.71,5,6,4,4,0,0,0,54,63.14
359,Jefferson,3/29/2021,1,7,8,1.14,1,2,1,4,0,0,0,18,55.92
360,King,3/29/2021,259,2042,2301,328.71,495,812,545,362,71,16,0,4710,208.33
361,Kitsap,3/29/2021,50,195,245,35.0,35,82,52,55,19,2,0,473,173.77
362,Kittitas,3/29/2021,20,54,74,10.57,20,22,17,12,3,0,0,142,294.97
363,Klickitat,3/29/2021,0,2,2,0.29,0,0,0,0,1,1,0,8,35.13
364,Lewis,3/29/2021,30,46,76,10.86,10,18,19,16,3,5,5,180,224.3
365,Lincoln,3/29/2021,10,35,45,6.43,31,1,7,4,0,2,0,52,470.59
366,Mason,3/29/2021,3,37,40,5.71,7,8,7,11,4,3,0,78,118.81
367,Okanogan,3/29/2021,21,7,28,4.0,9,7,5,7,0,0,0,66,153.03
368,Pacific,3/29/2021,2,7,9,1.29,0,2,2,1,3,0,1,37,169.41
369,Pend Oreille,3/29/2021,1,8,9,1.29,1,1,5,1,1,0,0,13,93.86
370,Pierce,3/29/2021,288,1048,1336,190.86,291,435,318,219,58,15,0,2832,314.42
371,San Juan,3/29/2021,0,8,8,1.14,4,1,1,2,0,0,0,24,138.41
372,Skagit,3/29/2021,20,59,79,11.29,16,31,19,11,0,2,0,209,160.21
373,Skamania,3/29/2021,0,3,3,0.43,1,2,0,0,0,0,0,11,90.02
374,Snohomish,3/29/2021,153,602,755,107.86,151,259,179,117,45,2,2,1590,191.45
375,Spokane,3/29/2021,109,413,522,74.57,98,193,116,81,25,9,0,1203,230.2
376,Stevens,3/29/2021,2,47,49,7.0,10,8,13,10,5,3,0,113,246.08
377,Thurston,3/29/2021,39,153,192,27.43,33,65,47,39,4,2,2,437,150.17
378,Walla Walla,3/29/2021,1,32,33,4.71,16,1,6,9,1,0,0,65,103.87
379,Whatcom,3/29/2021,18,149,167,23.86,39,65,42,17,3,1,0,339,148.68
380,Whitman,3/29/2021,1,95,96,13.71,36,56,2,2,0,0,0,161,318.94
381,Yakima,3/29/2021,95,259,354,50.57,80,104,94,54,13,9,0,714,276.53
383,Adams,3/22/2021,2,19,21,3.0,7,8,5,1,0,0,0,32,156.48
384,Asotin,3/22/2021,0,10,10,1.43,2,1,2,3,2,0,0,24,106.01
385,Benton,3/22/2021,12,136,148,21.14,39,55,33,16,5,0,0,325,158.0
386,Chelan,3/22/2021,62,21,83,11.86,19,28,19,10,7,0,0,160,200.85
387,Clallam,3/22/2021,2,11,13,1.86,6,2,3,2,0,0,0,46,59.92
388,Clark,3/22/2021,35,284,319,45.57,73,86,80,59,18,3,0,685,137.22
389,Cowlitz,3/22/2021,28,128,156,22.29,19,49,36,34,15,3,0,388,351.13
390,Douglas,3/22/2021,42,10,52,7.43,11,16,14,9,2,0,0,112,256.0
391,Ferry,3/22/2021,0,3,3,0.43,0,1,1,1,0,0,0,5,63.21
392,Franklin,3/22/2021,3,84,87,12.43,30,16,21,15,3,2,0,181,187.06
393,Garfield,3/22/2021,1,0,1,0.14,0,0,1,0,0,0,0,1,44.94
394,Grant,3/22/2021,44,40,84,12.0,22,30,20,10,2,0,0,159,158.79
395,Grays Harbor,3/22/2021,4,34,38,5.43,2,19,6,7,4,0,0,63,84.31
396,Island,3/22/2021,5,12,17,2.43,3,6,1,5,2,0,0,36,42.09
397,King,3/22/2021,241,1988,2229,318.43,478,806,513,327,83,21,1,4530,200.37
398,Kitsap,3/22/2021,37,140,177,25.29,26,44,47,48,10,2,0,422,155.03
399,Kittitas,3/22/2021,7,41,48,6.86,14,15,12,5,2,0,0,122,253.43
400,Klickitat,3/22/2021,0,4,4,0.57,2,0,0,2,0,0,0,6,26.35
401,Lewis,3/22/2021,10,40,50,7.14,5,13,11,12,4,4,1,126,157.01
402,Lincoln,3/22/2021,0,5,5,0.71,2,0,1,0,1,1,0,50,452.49
403,Mason,3/22/2021,4,22,26,3.71,4,5,6,11,0,0,0,66,100.53
404,Okanogan,3/22/2021,26,8,34,4.86,7,8,7,8,4,0,0,62,143.75
405,Pacific,3/22/2021,0,3,3,0.43,0,0,1,1,0,1,0,12,54.95
406,Pend Oreille,3/22/2021,0,10,10,1.43,2,0,4,2,2,0,0,19,137.18
407,Pierce,3/22/2021,217,926,1143,163.29,256,354,287,176,53,14,3,2479,275.23
408,San Juan,3/22/2021,0,2,2,0.29,0,1,0,1,0,0,0,10,57.67
409,Skagit,3/22/2021,11,51,62,8.86,22,14,16,8,2,0,0,141,108.09
410,Skamania,3/22/2021,0,2,2,0.29,0,0,1,1,0,0,0,5,40.92
411,Snohomish,3/22/2021,90,506,596,85.14,125,186,159,95,30,1,0,1351,162.67
412,Spokane,3/22/2021,86,417,503,71.86,107,197,89,85,19,6,0,1025,196.13
413,Stevens,3/22/2021,1,37,38,5.43,2,6,11,7,9,3,0,87,189.46
414,Thurston,3/22/2021,27,156,183,26.14,28,66,49,22,14,4,0,375,128.87
415,Wahkiakum,3/22/2021,1,0,1,0.14,0,0,0,1,0,0,0,1,23.75
416,Walla Walla,3/22/2021,1,17,18,2.57,9,6,2,1,0,0,0,51,81.5
417,Whatcom,3/22/2021,23,157,180,25.71,73,37,29,31,6,4,0,347,152.19
418,Whitman,3/22/2021,2,116,118,16.86,49,67,2,0,0,0,0,214,423.93
419,Yakima,3/22/2021,68,234,302,43.14,65,91,85,44,15,1,1,656,254.07
421,Adams,3/15/2021,0,11,11,1.57,2,2,4,1,2,0,0,32,156.48
422,Asotin,3/15/2021,1,12,13,1.86,1,2,1,6,2,1,0,23,101.59
423,Benton,3/15/2021,25,136,161,23.0,36,47,38,31,9,0,0,309,150.22
424,Chelan,3/15/2021,71,14,85,12.14,24,23,18,11,8,1,0,168,210.9
425,Clallam,3/15/2021,2,12,14,2.0,5,2,4,3,0,0,0,27,35.17
426,Clark,3/15/2021,45,231,276,39.43,61,74,70,51,16,4,0,595,119.19
427,Cowlitz,3/15/2021,8,81,89,12.71,11,26,18,21,12,1,0,245,221.72
428,Douglas,3/15/2021,43,9,52,7.43,13,11,13,6,7,2,0,104,237.71
429,Ferry,3/15/2021,0,6,6,0.86,1,0,4,0,1,0,0,9,113.78
430,Franklin,3/15/2021,11,75,86,12.29,26,23,17,17,3,0,0,173,178.79
431,Garfield,3/15/2021,1,1,2,0.29,0,1,0,0,1,0,0,3,134.83
432,Grant,3/15/2021,54,46,100,14.29,23,34,22,15,4,2,0,184,183.76
433,Grays Harbor,3/15/2021,6,38,44,6.29,10,12,11,6,4,1,0,82,109.74
434,Island,3/15/2021,6,17,23,3.29,5,1,10,7,0,0,0,40,46.77
435,Jefferson,3/15/2021,0,7,7,1.0,4,2,0,1,0,0,0,7,21.75
436,King,3/15/2021,152,1364,1516,216.57,308,494,382,254,64,14,0,3745,165.65
437,Kitsap,3/15/2021,28,93,121,17.29,25,30,26,30,9,1,0,298,109.48
438,Kittitas,3/15/2021,9,59,68,9.71,24,23,8,8,5,0,0,116,240.96
439,Klickitat,3/15/2021,0,1,1,0.14,0,0,0,1,0,0,0,5,21.96
440,Lewis,3/15/2021,6,20,26,3.71,0,5,8,9,4,0,0,76,94.7
441,Lincoln,3/15/2021,1,1,2,0.29,0,0,2,0,0,0,0,7,63.35
442,Mason,3/15/2021,0,21,21,3.0,3,5,5,5,1,2,0,47,71.59
443,Okanogan,3/15/2021,11,6,17,2.43,3,5,4,3,2,0,0,51,118.25
444,Pacific,3/15/2021,0,4,4,0.57,0,0,0,3,1,0,0,7,32.05
445,Pend Oreille,3/15/2021,1,10,11,1.57,2,0,5,3,1,0,0,21,151.62
446,Pierce,3/15/2021,232,851,1083,154.71,233,313,285,177,63,12,0,2226,247.14
447,San Juan,3/15/2021,1,1,2,0.29,0,1,1,0,0,0,0,4,23.07
448,Skagit,3/15/2021,8,33,41,5.86,7,10,10,10,3,1,0,103,78.96
449,Skamania,3/15/2021,0,6,6,0.86,2,1,3,0,0,0,0,8,65.47
450,Snohomish,3/15/2021,48,370,418,59.71,90,110,113,76,23,6,0,1014,122.1
451,Spokane,3/15/2021,55,372,427,61.0,99,119,92,93,22,2,0,930,177.96
452,Stevens,3/15/2021,2,19,21,3.0,0,4,4,7,5,1,0,59,128.48
453,Thurston,3/15/2021,21,108,129,18.43,27,41,24,22,12,3,0,312,107.22
454,Walla Walla,3/15/2021,1,10,11,1.57,1,5,1,2,1,0,1,29,46.34
455,Whatcom,3/15/2021,25,110,135,19.29,43,38,20,20,10,4,0,315,138.16
456,Whitman,3/15/2021,0,76,76,10.86,21,43,7,3,2,0,0,194,384.31
457,Yakima,3/15/2021,74,173,247,35.29,69,73,50,42,13,0,0,549,212.63
459,Adams,3/8/2021,0,9,9,1.29,3,0,3,0,3,0,0,20,97.8
460,Asotin,3/8/2021,0,15,15,2.14,4,3,2,4,2,0,0,28,123.67
461,Benton,3/8/2021,11,113,124,17.71,26,31,38,21,7,1,0,285,138.55
462,Chelan,3/8/2021,29,5,34,4.86,4,10,7,9,3,1,0,119,149.38
463,Clallam,3/8/2021,4,8,12,1.71,6,2,1,2,1,0,0,26,33.87
464,Clark,3/8/2021,32,253,285,40.71,78,78,60,38,17,14,0,561,112.38
465,Columbia,3/8/2021,1,0,1,0.14,0,0,1,0,0,0,0,1,23.89
466,Cowlitz,3/8/2021,7,67,74,10.57,13,22,9,18,11,1,0,163,147.51
467,Douglas,3/8/2021,26,9,35,5.0,9,11,6,6,2,1,0,87,198.86
468,Ferry,3/8/2021,0,3,3,0.43,1,0,1,0,1,0,0,9,113.78
469,Franklin,3/8/2021,6,98,104,14.86,24,29,27,18,4,2,0,190,196.36
470,Grant,3/8/2021,42,48,90,12.86,19,31,26,14,0,0,0,190,189.75
471,Grays Harbor,3/8/2021,4,35,39,5.57,11,12,13,3,0,0,0,83,111.08
472,Island,3/8/2021,7,33,40,5.71,6,10,8,7,7,2,0,63,73.66
473,Jefferson,3/8/2021,0,1,1,0.14,0,1,0,0,0,0,0,8,24.85
474,King,3/8/2021,148,1124,1272,181.71,284,373,327,202,67,17,2,2788,123.32
475,Kitsap,3/8/2021,31,80,111,15.86,23,30,26,16,15,1,0,232,85.23
476,Kittitas,3/8/2021,8,41,49,7.0,10,12,6,11,8,2,0,117,243.04
477,Klickitat,3/8/2021,0,4,4,0.57,0,2,2,0,0,0,0,5,21.96
478,Lewis,3/8/2021,20,35,55,7.86,6,11,13,15,6,4,0,81,100.93
479,Lincoln,3/8/2021,0,4,4,0.57,0,1,2,1,0,0,0,6,54.3
480,Mason,3/8/2021,6,21,27,3.86,2,8,6,5,5,1,0,48,73.12
481,Okanogan,3/8/2021,9,4,13,1.86,3,4,2,3,1,0,0,30,69.56
482,Pacific,3/8/2021,1,17,18,2.57,7,1,2,3,4,1,0,22,100.73
483,Pend Oreille,3/8/2021,0,6,6,0.86,0,0,1,0,5,0,0,17,122.74
484,Pierce,3/8/2021,164,699,863,123.29,167,265,218,151,55,6,1,1946,216.05
485,San Juan,3/8/2021,0,2,2,0.29,0,1,0,0,1,0,0,4,23.07
486,Skagit,3/8/2021,13,49,62,8.86,19,19,15,5,3,1,0,103,78.96
487,Snohomish,3/8/2021,43,298,341,48.71,60,106,74,71,27,3,0,759,91.39
488,Spokane,3/8/2021,58,333,391,55.86,70,107,105,68,30,11,0,818,156.53
489,Stevens,3/8/2021,0,26,26,3.71,1,5,2,8,9,1,0,47,102.35
490,Thurston,3/8/2021,14,113,127,18.14,21,29,41,24,10,2,0,256,87.97
491,Walla Walla,3/8/2021,0,9,9,1.29,2,0,2,3,1,1,0,20,31.96
492,Whatcom,3/8/2021,18,165,183,26.14,49,49,43,33,7,2,0,318,139.47
493,Whitman,3/8/2021,2,146,148,21.14,46,81,10,10,1,0,0,224,443.74
494,Yakima,3/8/2021,67,244,311,44.43,65,96,82,49,16,2,1,558,216.11
496,Adams,3/1/2021,1,7,8,1.14,1,2,3,1,1,0,0,17,83.13
497,Asotin,3/1/2021,0,5,5,0.71,0,2,1,0,1,1,0,20,88.34
498,Benton,3/1/2021,18,151,169,24.14,38,60,35,27,8,1,0,293,142.44
499,Chelan,3/1/2021,35,10,45,6.43,11,13,11,7,3,0,0,79,99.17
500,Clallam,3/1/2021,3,7,10,1.43,4,1,4,1,0,0,0,22,28.66
501,Clark,3/1/2021,27,206,233,33.29,52,58,48,45,25,4,1,518,103.77
502,Cowlitz,3/1/2021,15,82,97,13.86,25,22,19,18,12,1,0,171,154.75
503,Douglas,3/1/2021,25,4,29,4.14,6,10,7,4,1,1,0,64,146.29
504,Ferry,3/1/2021,0,1,1,0.14,1,0,0,0,0,0,0,4,50.57
505,Franklin,3/1/2021,8,113,121,17.29,40,33,27,14,6,1,0,225,232.53
506,Grant,3/1/2021,36,34,70,10.0,13,19,19,16,3,0,0,160,159.79
507,Grays Harbor,3/1/2021,4,47,51,7.29,8,17,8,8,6,4,0,90,120.45
508,Island,3/1/2021,6,62,68,9.71,9,48,10,0,1,0,0,108,126.27
509,King,3/1/2021,142,976,1118,159.71,223,372,272,183,50,18,0,2390,105.71
510,Kitsap,3/1/2021,28,81,109,15.57,18,32,19,27,11,2,0,220,80.82
511,Kittitas,3/1/2021,10,40,50,7.14,19,16,8,5,2,0,0,99,205.65
512,Klickitat,3/1/2021,0,1,1,0.14,0,0,0,1,0,0,0,5,21.96
513,Lewis,3/1/2021,21,35,56,8.0,12,9,11,9,9,6,0,111,138.32
514,Lincoln,3/1/2021,1,0,1,0.14,0,0,0,1,0,0,0,5,45.25
515,Mason,3/1/2021,1,22,23,3.29,2,2,7,7,3,2,0,50,76.16
516,Okanogan,3/1/2021,17,4,21,3.0,5,7,6,1,2,0,0,34,78.83
517,Pacific,3/1/2021,0,34,34,4.86,5,5,6,10,7,1,0,52,238.1
518,Pend Oreille,3/1/2021,4,8,12,1.71,1,5,2,2,1,1,0,18,129.96
519,Pierce,3/1/2021,159,686,845,120.71,166,238,218,167,43,12,1,1708,189.63
520,San Juan,3/1/2021,0,1,1,0.14,0,0,0,0,1,0,0,3,17.3
521,Skagit,3/1/2021,19,67,86,12.29,20,27,18,14,6,1,0,148,113.45
522,Skamania,3/1/2021,0,1,1,0.14,0,1,0,0,0,0,0,1,8.18
523,Snohomish,3/1/2021,66,333,399,57.0,83,108,114,63,26,5,0,740,89.1
524,Spokane,3/1/2021,49,363,412,58.86,98,111,104,69,22,8,0,803,153.65
525,Stevens,3/1/2021,12,39,51,7.29,10,7,14,15,5,0,0,77,167.68
526,Thurston,3/1/2021,24,109,133,19.0,30,31,36,25,10,1,0,260,89.35
527,Wahkiakum,3/1/2021,0,5,5,0.71,3,1,1,0,0,0,0,5,118.76
528,Walla Walla,3/1/2021,3,14,17,2.43,2,4,6,1,4,0,0,26,41.55
529,Whatcom,3/1/2021,13,188,201,28.71,50,57,48,31,9,6,0,384,168.42
530,Whitman,3/1/2021,2,99,101,14.43,47,43,6,5,0,0,0,249,493.26
531,Yakima,3/1/2021,62,241,303,43.29,74,87,74,50,15,2,1,614,237.8
533,Asotin,2/22/2021,1,5,6,0.86,1,2,2,0,1,0,0,11,48.59
534,Benton,2/22/2021,10,144,154,22.0,43,42,42,17,9,1,0,323,157.02
535,Chelan,2/22/2021,20,7,27,3.86,10,4,7,1,3,2,0,72,90.38
536,Clallam,2/22/2021,4,2,6,0.86,0,0,0,4,2,0,0,16,20.84
537,Clark,2/22/2021,21,217,238,34.0,41,61,61,52,17,6,0,471,94.35
538,Columbia,2/22/2021,0,1,1,0.14,0,0,0,1,0,0,0,1,23.89
539,Cowlitz,2/22/2021,16,87,103,14.71,20,22,24,21,13,3,0,200,181.0
540,Douglas,2/22/2021,32,5,37,5.29,10,16,5,3,3,0,0,66,150.86
541,Ferry,2/22/2021,0,4,4,0.57,0,1,2,1,0,0,0,5,63.21
542,Franklin,2/22/2021,7,111,118,16.86,40,32,22,20,2,2,0,239,247.0
543,Garfield,2/22/2021,1,0,1,0.14,0,0,1,0,0,0,0,1,44.94
544,Grant,2/22/2021,37,42,79,11.29,29,15,14,14,7,0,0,149,148.81
545,Grays Harbor,2/22/2021,4,45,49,7.0,3,13,11,15,6,1,0,100,133.83
546,Island,2/22/2021,15,15,30,4.29,5,12,8,3,1,1,0,98,114.58
547,Jefferson,2/22/2021,0,5,5,0.71,1,2,1,0,1,0,0,5,15.53
548,King,2/22/2021,98,1013,1111,158.71,205,354,289,178,69,13,3,2229,98.59
549,Kitsap,2/22/2021,28,53,81,11.57,11,29,20,13,7,1,0,190,69.8
550,Kittitas,2/22/2021,12,42,54,7.71,24,19,4,7,0,0,0,104,216.04
551,Klickitat,2/22/2021,0,1,1,0.14,0,0,1,0,0,0,0,2,8.78
552,Lewis,2/22/2021,26,45,71,10.14,8,22,10,17,8,6,0,127,158.26
553,Lincoln,2/22/2021,0,3,3,0.43,0,0,1,0,1,1,0,4,36.2
554,Mason,2/22/2021,3,17,20,2.86,2,7,7,1,2,1,0,43,65.5
555,Okanogan,2/22/2021,18,16,34,4.86,12,7,8,6,1,0,0,55,127.52
556,Pacific,2/22/2021,1,19,20,2.86,1,5,8,3,3,0,0,54,247.25
557,Pend Oreille,2/22/2021,0,12,12,1.71,0,2,2,3,4,1,0,24,173.29
558,Pierce,2/22/2021,143,841,984,140.57,194,343,213,163,52,16,3,1829,203.06
559,Skagit,2/22/2021,23,78,101,14.43,19,35,35,6,5,1,0,187,143.35
560,Skamania,2/22/2021,0,2,2,0.29,0,1,1,0,0,0,0,3,24.55
561,Snohomish,2/22/2021,59,383,442,63.14,92,115,115,90,25,5,0,841,101.26
562,Spokane,2/22/2021,78,413,491,70.14,88,135,120,103,39,6,0,903,172.79
563,Stevens,2/22/2021,1,40,41,5.86,5,20,7,4,5,0,0,92,200.35
564,Thurston,2/22/2021,33,127,160,22.86,25,58,30,31,12,4,0,293,100.69
565,Wahkiakum,2/22/2021,2,5,7,1.0,2,2,1,0,2,0,0,12,285.04
566,Walla Walla,2/22/2021,0,31,31,4.43,9,7,5,4,5,1,0,48,76.7
567,Whatcom,2/22/2021,21,204,225,32.14,62,65,43,37,14,4,0,426,186.84
568,Whitman,2/22/2021,0,86,86,12.29,36,30,10,5,4,1,0,187,370.44
569,Yakima,2/22/2021,59,250,309,44.14,71,90,76,51,11,9,1,612,237.03
571,Adams,2/21/2021,2,5,7,1.0,1,2,3,0,1,0,0,15,73.35
572,Adams,2/15/2021,3,6,9,1.29,2,1,2,3,0,1,0,16,78.24
573,Asotin,2/15/2021,0,5,5,0.71,0,0,2,2,1,0,0,11,48.59
574,Benton,2/15/2021,15,198,213,30.43,47,60,50,32,16,8,0,367,178.42
575,Chelan,2/15/2021,39,14,53,7.57,10,9,14,8,9,3,0,80,100.43
576,Clallam,2/15/2021,3,13,16,2.29,5,3,1,6,1,0,0,22,28.66
577,Clark,2/15/2021,23,246,269,38.43,48,67,84,46,18,5,1,507,101.56
578,Cowlitz,2/15/2021,19,85,104,14.86,16,27,23,27,9,2,0,207,187.33
579,Douglas,2/15/2021,24,5,29,4.14,8,9,4,4,4,0,0,66,150.86
580,Ferry,2/15/2021,0,2,2,0.29,0,0,0,0,2,0,0,6,75.85
581,Franklin,2/15/2021,8,105,113,16.14,29,43,28,10,3,0,0,231,238.74
582,Garfield,2/15/2021,2,2,4,0.57,0,1,0,2,1,0,0,5,224.72
583,Grant,2/15/2021,59,65,124,17.71,33,35,23,28,4,1,0,203,202.74
584,Grays Harbor,2/15/2021,5,51,56,8.0,5,13,17,15,5,1,0,105,140.52
585,Island,2/15/2021,4,11,15,2.14,1,4,3,6,0,1,0,45,52.61
586,Jefferson,2/15/2021,0,2,2,0.29,0,0,0,1,0,1,0,7,21.75
587,King,2/15/2021,105,1013,1118,159.71,175,368,272,204,85,13,1,2229,98.59
588,Kitsap,2/15/2021,28,74,102,14.57,24,25,27,15,6,5,0,183,67.23
589,Kittitas,2/15/2021,9,39,48,6.86,15,16,8,5,4,0,0,102,211.88
590,Klickitat,2/15/2021,3,6,9,1.29,3,3,1,1,0,1,0,10,43.92
591,Lewis,2/15/2021,33,67,100,14.29,16,28,22,20,8,6,0,171,213.08
592,Lincoln,2/15/2021,0,1,1,0.14,0,0,1,0,0,0,0,4,36.2
593,Mason,2/15/2021,1,21,22,3.14,1,9,7,4,0,1,0,42,63.98
594,Okanogan,2/15/2021,12,12,24,3.43,7,3,5,5,4,0,0,58,134.48
595,Pacific,2/15/2021,0,7,7,1.0,2,0,1,2,1,1,0,27,123.63
596,Pend Oreille,2/15/2021,0,22,22,3.14,5,7,3,3,2,2,0,34,245.49
597,Pierce,2/15/2021,166,725,891,127.29,141,278,226,162,61,22,1,1875,208.17
598,Skagit,2/15/2021,17,61,78,11.14,10,26,20,14,7,1,0,179,137.22
599,Skamania,2/15/2021,0,1,1,0.14,0,0,0,1,0,0,0,3,24.55
600,Snohomish,2/15/2021,49,461,510,72.86,84,132,133,123,35,3,0,952,114.63
601,Spokane,2/15/2021,75,499,574,82.0,111,142,147,111,45,17,1,1065,203.79
602,Stevens,2/15/2021,2,24,26,3.71,5,5,8,8,0,0,0,67,145.91
603,Thurston,2/15/2021,47,128,175,25.0,42,43,45,19,21,5,0,335,115.12
604,Wahkiakum,2/15/2021,0,12,12,1.71,6,0,2,2,0,2,0,19,451.31
605,Walla Walla,2/15/2021,0,50,50,7.14,10,18,9,7,5,1,0,81,129.43
606,Whatcom,2/15/2021,34,271,305,43.57,87,68,48,60,31,11,0,530,232.46
607,Whitman,2/15/2021,0,43,43,6.14,20,8,7,7,0,0,1,129,255.55
608,Yakima,2/15/2021,68,244,312,44.57,59,95,86,52,17,3,0,621,240.51
610,Adams,2/8/2021,4,34,38,5.43,14,10,8,6,0,0,0,47,229.83
611,Asotin,2/8/2021,0,15,15,2.14,2,4,2,3,1,3,0,20,88.34
612,Benton,2/8/2021,15,245,260,37.14,60,71,60,47,18,4,0,473,229.95
613,Chelan,2/8/2021,61,32,93,13.29,29,16,24,14,10,0,0,146,183.28
614,Clallam,2/8/2021,2,18,20,2.86,4,4,2,8,2,0,0,36,46.89
615,Clark,2/8/2021,25,248,273,39.0,53,79,60,49,19,13,0,542,108.57
616,Columbia,2/8/2021,1,1,2,0.29,0,0,0,0,2,0,0,2,47.79
617,Cowlitz,2/8/2021,22,104,126,18.0,23,31,24,23,19,6,0,230,208.14
618,Douglas,2/8/2021,29,10,39,5.57,10,5,11,10,2,1,0,68,155.43
619,Ferry,2/8/2021,1,0,1,0.14,1,0,0,0,0,0,0,3,37.93
620,Franklin,2/8/2021,9,164,173,24.71,48,46,36,34,7,2,0,286,295.58
621,Garfield,2/8/2021,1,0,1,0.14,0,0,1,0,0,0,0,5,224.72
622,Grant,2/8/2021,82,71,153,21.86,50,39,35,23,6,0,0,277,276.64
623,Grays Harbor,2/8/2021,2,54,56,8.0,7,10,19,14,3,3,0,112,149.89
624,Island,2/8/2021,5,18,23,3.29,2,4,4,8,5,0,0,38,44.43
625,Jefferson,2/8/2021,0,7,7,1.0,2,0,1,4,0,0,0,9,27.96
626,King,2/8/2021,98,1214,1312,187.43,248,401,281,232,112,38,0,2430,107.48
627,Kitsap,2/8/2021,36,80,116,16.57,27,29,19,25,11,5,0,218,80.09
628,Kittitas,2/8/2021,11,22,33,4.71,13,4,10,5,1,0,0,81,168.26
629,Klickitat,2/8/2021,7,8,15,2.14,3,6,3,1,2,0,0,24,105.4
630,Lewis,2/8/2021,20,72,92,13.14,12,18,18,22,16,6,0,192,239.25
631,Lincoln,2/8/2021,0,12,12,1.71,0,1,2,9,0,0,0,13,117.65
632,Mason,2/8/2021,2,23,25,3.57,0,11,6,4,4,0,0,47,71.59
633,Okanogan,2/8/2021,11,6,17,2.43,7,3,6,0,1,0,0,41,95.06
634,Pacific,2/8/2021,0,8,8,1.14,0,1,0,1,2,4,0,15,68.68
635,Pend Oreille,2/8/2021,3,12,15,2.14,8,1,4,1,1,0,0,37,267.15
636,Pierce,2/8/2021,104,684,788,112.57,143,203,175,150,83,32,2,1679,186.41
637,San Juan,2/8/2021,0,6,6,0.86,4,1,1,0,0,0,0,6,34.6
638,Skagit,2/8/2021,9,55,64,9.14,11,15,12,19,7,0,0,142,108.85
639,Skamania,2/8/2021,0,1,1,0.14,0,0,0,1,0,0,0,2,16.37
640,Snohomish,2/8/2021,66,436,502,71.71,105,125,142,88,39,3,0,1012,121.85
641,Spokane,2/8/2021,70,620,690,98.57,149,165,163,131,57,25,0,1264,241.87
642,Stevens,2/8/2021,3,24,27,3.86,3,4,10,7,3,0,0,53,115.42
643,Thurston,2/8/2021,30,116,146,20.86,25,46,36,23,11,5,0,321,110.31
644,Wahkiakum,2/8/2021,0,6,6,0.86,0,2,3,0,1,0,0,18,427.55
645,Walla Walla,2/8/2021,2,76,78,11.14,30,17,15,9,4,3,0,128,204.54
646,Whatcom,2/8/2021,26,207,233,33.29,66,56,55,39,11,6,0,538,235.96
647,Whitman,2/8/2021,0,24,24,3.43,4,11,2,7,0,0,0,67,132.73
648,Yakima,2/8/2021,84,305,389,55.57,83,109,103,55,36,3,0,701,271.49
650,Adams,2/1/2021,5,34,39,5.57,6,11,10,6,5,1,0,77,376.53
651,Asotin,2/1/2021,1,20,21,3.0,1,5,5,5,3,2,0,36,159.01
652,Benton,2/1/2021,23,309,332,47.43,86,70,82,63,21,10,0,592,287.8
653,Chelan,2/1/2021,84,17,101,14.43,29,21,15,19,15,2,0,194,243.54
654,Clallam,2/1/2021,7,11,18,2.57,4,2,7,3,2,0,0,38,49.5
655,Clark,2/1/2021,53,405,458,65.43,73,124,116,88,38,19,0,731,146.43
656,Columbia,2/1/2021,2,0,2,0.29,0,0,0,1,0,1,0,4,95.58
657,Cowlitz,2/1/2021,21,139,160,22.86,30,39,33,29,15,14,0,286,258.82
658,Douglas,2/1/2021,26,12,38,5.43,7,10,10,4,7,0,0,77,176.0
659,Ferry,2/1/2021,2,0,2,0.29,1,0,0,1,0,0,0,3,37.93
660,Franklin,2/1/2021,10,208,218,31.14,77,54,36,34,15,2,0,391,404.09
661,Garfield,2/1/2021,4,2,6,0.86,2,2,1,1,0,0,0,7,314.61
662,Grant,2/1/2021,75,107,182,26.0,44,46,46,32,12,2,0,335,334.57
663,Grays Harbor,2/1/2021,7,71,78,11.14,9,12,27,15,9,6,0,134,179.34
664,Island,2/1/2021,7,43,50,7.14,8,18,11,10,3,0,0,73,85.35
665,Jefferson,2/1/2021,0,13,13,1.86,1,10,0,2,0,0,0,20,62.13
666,King,2/1/2021,176,1713,1889,269.86,376,547,457,336,133,40,0,3201,141.59
667,Kitsap,2/1/2021,46,176,222,31.71,45,69,31,49,20,8,0,338,124.17
668,Kittitas,2/1/2021,3,23,26,3.71,5,10,5,3,1,2,0,59,122.56
669,Klickitat,2/1/2021,8,5,13,1.86,1,5,4,2,1,0,0,28,122.97
670,Lewis,2/1/2021,15,111,126,18.0,15,37,22,24,21,7,0,218,271.65
671,Lincoln,2/1/2021,0,14,14,2.0,6,1,2,2,3,0,0,26,235.29
672,Mason,2/1/2021,4,50,54,7.71,6,17,17,9,5,0,0,79,120.34
673,Okanogan,2/1/2021,8,16,24,3.43,2,8,6,6,2,0,0,41,95.06
674,Pacific,2/1/2021,0,20,20,2.86,9,3,3,3,2,0,0,28,128.21
675,Pend Oreille,2/1/2021,2,10,12,1.71,1,3,1,5,2,0,0,27,194.95
676,Pierce,2/1/2021,193,955,1148,164.0,201,347,272,200,92,34,2,1936,214.94
677,San Juan,2/1/2021,0,17,17,2.43,8,3,4,2,0,0,0,23,132.64
678,Skagit,2/1/2021,20,87,107,15.29,18,34,29,17,5,4,0,171,131.08
679,Skamania,2/1/2021,0,6,6,0.86,0,0,3,1,1,1,0,7,57.28
680,Snohomish,2/1/2021,68,716,784,112.0,153,205,213,149,51,13,0,1286,154.85
681,Spokane,2/1/2021,110,734,844,120.57,142,235,167,190,87,23,0,1534,293.53
682,Stevens,2/1/2021,4,30,34,4.86,4,12,0,8,6,4,0,61,132.84
683,Thurston,2/1/2021,38,223,261,37.29,59,68,61,42,20,10,1,407,139.86
684,Walla Walla,2/1/2021,3,83,86,12.29,15,31,15,13,7,5,0,164,262.06
685,Whatcom,2/1/2021,30,344,374,53.43,120,84,72,73,17,8,0,607,266.23
686,Whitman,2/1/2021,0,46,46,6.57,17,11,10,6,2,0,0,70,138.67
687,Yakima,2/1/2021,143,442,585,83.57,145,152,133,99,45,11,0,974,377.23
689,Adams,1/25/2021,15,36,51,7.29,15,9,7,13,5,2,0,90,440.1
690,Asotin,1/25/2021,0,21,21,3.0,5,0,4,7,5,0,0,42,185.51
691,Benton,1/25/2021,19,364,383,54.71,94,88,93,67,28,12,1,715,347.59
692,Chelan,1/25/2021,85,33,118,16.86,20,18,25,25,15,15,0,219,274.92
693,Clallam,1/25/2021,6,28,34,4.86,5,7,9,7,6,0,0,52,67.73
694,Clark,1/25/2021,32,601,633,90.43,145,149,148,117,58,16,0,1091,218.55
695,Columbia,1/25/2021,2,0,2,0.29,0,0,1,1,0,0,0,4,95.58
696,Cowlitz,1/25/2021,7,258,265,37.86,50,66,63,47,28,11,0,425,384.62
697,Douglas,1/25/2021,38,12,50,7.14,6,20,5,14,2,3,0,88,201.14
698,Ferry,1/25/2021,0,2,2,0.29,0,0,1,0,1,0,0,4,50.57
699,Franklin,1/25/2021,5,211,216,30.86,63,57,53,33,7,3,0,434,448.53
700,Garfield,1/25/2021,0,1,1,0.14,0,0,0,0,1,0,0,7,314.61
701,Grant,1/25/2021,92,92,184,26.29,41,48,47,35,11,2,0,366,365.52
702,Grays Harbor,1/25/2021,1,116,117,16.71,7,30,40,30,8,2,0,195,260.97
703,Island,1/25/2021,3,36,39,5.57,3,17,5,10,2,2,0,89,104.06
704,Jefferson,1/25/2021,0,26,26,3.71,15,2,4,1,4,0,0,39,121.16
705,King,1/25/2021,134,1977,2111,301.57,360,579,528,396,178,68,2,4000,176.93
706,Kitsap,1/25/2021,15,164,179,25.57,39,60,27,23,23,7,0,401,147.32
707,Kittitas,1/25/2021,6,44,50,7.14,6,25,9,5,3,2,0,76,157.87
708,Klickitat,1/25/2021,5,14,19,2.71,4,3,2,3,6,1,0,32,140.54
709,Lewis,1/25/2021,41,121,162,23.14,28,50,31,34,17,2,0,288,358.88
710,Lincoln,1/25/2021,0,9,9,1.29,2,2,2,2,1,0,0,23,208.14
711,Mason,1/25/2021,4,58,62,8.86,1,21,16,19,4,1,0,116,176.69
712,Okanogan,1/25/2021,13,8,21,3.0,0,6,8,4,2,1,0,45,104.34
713,Pacific,1/25/2021,0,22,22,3.14,3,6,3,6,3,1,0,42,192.31
714,Pend Oreille,1/25/2021,4,16,20,2.86,0,3,3,10,3,1,0,32,231.05
715,Pierce,1/25/2021,128,1110,1238,176.86,223,362,303,217,89,43,1,2386,264.91
716,San Juan,1/25/2021,0,5,5,0.71,1,1,0,1,2,0,0,22,126.87
717,Skagit,1/25/2021,9,137,146,20.86,23,47,31,26,15,4,0,253,193.94
718,Skamania,1/25/2021,0,7,7,1.0,1,1,1,3,1,0,0,13,106.38
719,Snohomish,1/25/2021,46,744,790,112.86,159,194,208,165,48,16,0,1574,189.52
720,Spokane,1/25/2021,93,947,1040,148.57,220,296,223,166,106,27,2,1884,360.51
721,Stevens,1/25/2021,2,61,63,9.0,6,14,13,14,12,4,0,97,211.24
722,Thurston,1/25/2021,40,258,298,42.57,46,104,52,65,23,7,1,559,192.1
723,Wahkiakum,1/25/2021,1,5,6,0.86,2,1,1,1,0,1,0,6,142.52
724,Walla Walla,1/25/2021,7,108,115,16.43,18,25,30,21,14,7,0,201,321.19
725,Whatcom,1/25/2021,15,371,386,55.14,82,123,82,59,27,13,0,760,333.33
726,Whitman,1/25/2021,0,64,64,9.14,15,20,14,9,5,1,0,110,217.91
727,Yakima,1/25/2021,137,621,758,108.29,168,190,170,143,66,21,0,1343,520.14
729,Adams,1/18/2021,4,28,32,4.57,3,12,7,7,3,0,0,83,405.87
730,Asotin,1/18/2021,0,21,21,3.0,3,5,6,3,2,2,0,42,185.51
731,Benton,1/18/2021,29,427,456,65.14,107,114,120,78,24,11,2,839,407.88
732,Chelan,1/18/2021,95,48,143,20.43,26,32,23,29,19,14,0,261,327.64
733,Clallam,1/18/2021,6,33,39,5.57,3,13,8,6,7,2,0,73,95.09
734,Clark,1/18/2021,16,692,708,101.14,130,191,156,127,69,33,2,1341,268.63
735,Columbia,1/18/2021,3,0,3,0.43,0,0,1,0,0,2,0,5,119.47
736,Cowlitz,1/18/2021,14,257,271,38.71,40,71,68,44,31,16,1,536,485.07
737,Douglas,1/18/2021,35,25,60,8.57,15,18,15,9,2,1,0,110,251.43
738,Ferry,1/18/2021,0,3,3,0.43,0,0,0,2,1,0,0,5,63.21
739,Franklin,1/18/2021,6,253,259,37.0,72,71,70,30,12,4,0,475,490.91
740,Garfield,1/18/2021,0,1,1,0.14,0,0,1,0,0,0,0,2,89.89
741,Grant,1/18/2021,110,127,237,33.86,51,59,68,36,17,6,0,421,420.45
742,Grays Harbor,1/18/2021,6,125,131,18.71,18,36,33,34,7,3,0,248,331.91
743,Island,1/18/2021,1,58,59,8.43,6,24,10,5,12,2,0,98,114.58
744,Jefferson,1/18/2021,0,8,8,1.14,1,4,3,0,0,0,0,34,105.62
745,King,1/18/2021,90,2381,2471,353.0,430,799,568,437,150,86,1,4582,202.67
746,Kitsap,1/18/2021,9,236,245,35.0,31,76,41,39,26,32,0,424,155.77
747,Kittitas,1/18/2021,11,58,69,9.86,16,20,13,16,2,2,0,119,247.2
748,Klickitat,1/18/2021,1,19,20,2.86,4,7,5,4,0,0,0,39,171.28
749,Lewis,1/18/2021,13,154,167,23.86,36,31,28,41,26,5,0,329,409.97
750,Lincoln,1/18/2021,1,9,10,1.43,2,1,2,1,4,0,0,19,171.95
751,Mason,1/18/2021,2,67,69,9.86,11,21,17,14,6,0,0,131,199.54
752,Okanogan,1/18/2021,27,26,53,7.57,8,19,9,12,3,2,0,74,171.57
753,Pacific,1/18/2021,1,21,22,3.14,5,3,6,5,1,2,0,44,201.47
754,Pend Oreille,1/18/2021,2,21,23,3.29,3,2,5,8,4,1,0,43,310.47
755,Pierce,1/18/2021,66,1369,1435,205.0,246,426,325,268,122,48,0,2673,296.77
756,San Juan,1/18/2021,0,3,3,0.43,0,0,2,1,0,0,0,8,46.14
757,Skagit,1/18/2021,6,170,176,25.14,37,60,36,29,13,1,0,322,246.84
758,Skamania,1/18/2021,0,7,7,1.0,4,1,1,1,0,0,0,14,114.57
759,Snohomish,1/18/2021,17,790,807,115.29,128,242,199,162,59,17,0,1597,192.29
760,Spokane,1/18/2021,51,1175,1226,175.14,222,329,298,224,105,48,0,2266,433.6
761,Stevens,1/18/2021,3,52,55,7.86,9,8,14,11,10,3,0,118,256.97
762,Thurston,1/18/2021,31,360,391,55.86,68,147,80,70,19,6,1,689,236.77
763,Wahkiakum,1/18/2021,0,2,2,0.29,0,0,1,0,1,0,0,8,190.02
764,Walla Walla,1/18/2021,5,108,113,16.14,21,32,26,17,8,9,0,228,364.33
765,Whatcom,1/18/2021,2,367,369,52.71,70,113,68,70,36,12,0,755,331.14
766,Whitman,1/18/2021,0,85,85,12.14,14,47,8,9,5,2,0,149,295.17
767,Yakima,1/18/2021,83,638,721,103.0,144,201,177,136,51,12,0,1479,572.81
